donation_id,supporter_id,donation_type,donation_date,is_recurring,campaign_name,channel_source,currency_code,amount,estimated_value,impact_unit,notes,referral_post_id
1,42,Monetary,2025-12-31,False,,Campaign,NIO,473.34,473.34,córdobas,In support of safehouse operations,
2,25,Time,2025-12-02,True,Year-End Hope,Event,,,35.15,hours,Community outreach support,
3,19,Monetary,2024-12-02,False,,PartnerReferral,GTQ,150.45,150.45,quetzales,Campaign support,
4,33,Monetary,2023-09-11,False,,PartnerReferral,HNL,541.45,541.45,lempiras,In support of safehouse operations,
5,24,InKind,2023-11-08,True,GivingTuesday,SocialMedia,,,1177.41,items,In support of safehouse operations,421
6,25,Monetary,2025-09-18,True,,Direct,USD,122.19,122.19,dollars,Campaign support,
7,25,Time,2024-12-14,True,Year-End Hope,Event,,,37.53,hours,Campaign support,
8,23,Monetary,2024-11-21,False,GivingTuesday,Direct,USD,108.12,108.12,dollars,Campaign support,
9,54,InKind,2023-09-25,True,,Campaign,,,911.84,items,Monthly contribution,
10,36,Monetary,2023-04-16,False,Summer of Safety,Event,NIO,1107.3,1107.3,córdobas,In support of safehouse operations,
11,13,Time,2023-02-10,False,,Event,,,11.39,hours,In support of safehouse operations,
12,26,Monetary,2024-11-20,True,GivingTuesday,Direct,USD,319.17,319.17,dollars,Event donation,
13,25,InKind,2025-08-30,True,,Direct,,,433.32,items,Campaign support,
14,47,Monetary,2025-10-07,False,,PartnerReferral,USD,277.51,277.51,dollars,In support of safehouse operations,
15,1,InKind,2023-07-02,True,,Event,,,300.0,items,Campaign support,
16,45,Monetary,2024-10-25,True,,Campaign,HNL,1771.81,1771.81,lempiras,Monthly contribution,
17,26,SocialMedia,2023-08-11,True,,Event,,,4.3,campaigns,Community outreach support,
18,51,Time,2026-01-06,False,,Direct,,,17.79,hours,Monthly contribution,
19,4,Monetary,2026-03-01,True,,Event,USD,61.73,61.73,dollars,Community outreach support,
20,45,Monetary,2023-08-31,True,,Campaign,HNL,423.46,423.46,lempiras,Event donation,
21,41,Monetary,2024-01-13,False,,Event,USD,242.13,242.13,dollars,Monthly contribution,
22,22,Monetary,2025-11-13,False,,Campaign,GTQ,155.38,155.38,quetzales,Recurring gift,
23,37,Time,2024-02-06,False,,Direct,,,21.44,hours,Campaign support,
24,54,SocialMedia,2023-04-27,True,Summer of Safety,PartnerReferral,,,3.05,campaigns,In support of safehouse operations,
25,9,Monetary,2024-11-04,False,Year-End Hope,SocialMedia,NIO,1185.67,1185.67,córdobas,Campaign support,779
26,29,Monetary,2025-09-28,False,,Event,GTQ,151.74,151.74,quetzales,Community outreach support,
27,7,InKind,2023-10-19,True,,Event,,,826.93,items,Community outreach support,
28,54,Skills,2025-06-15,True,Back to School,PartnerReferral,,,11.27,hours,Community outreach support,
29,31,Monetary,2023-12-26,True,,SocialMedia,NIO,669.34,669.34,córdobas,Monthly contribution,61
30,4,InKind,2023-03-15,True,,SocialMedia,,,439.51,items,Monthly contribution,159
31,50,Time,2025-01-24,False,,PartnerReferral,,,32.95,hours,Community outreach support,
32,5,Skills,2024-01-18,False,,SocialMedia,,,12.59,hours,Monthly contribution,716
33,37,Monetary,2025-01-12,False,,Campaign,HNL,630.09,630.09,lempiras,Recurring gift,
34,7,Monetary,2025-12-28,True,,SocialMedia,HNL,412.92,412.92,lempiras,In support of safehouse operations,187
35,36,Monetary,2023-03-15,False,,Direct,NIO,545.34,545.34,córdobas,In support of safehouse operations,
36,8,Monetary,2023-11-06,True,,SocialMedia,USD,137.93,137.93,dollars,Event donation,421
37,21,Monetary,2023-07-25,False,Back to School,Campaign,USD,198.75,198.75,dollars,Campaign support,
38,16,Monetary,2025-07-15,False,Back to School,Event,HNL,250.32,250.32,lempiras,Campaign support,
39,25,InKind,2025-04-28,True,,Direct,,,437.14,items,Monthly contribution,
40,32,SocialMedia,2023-02-02,False,,PartnerReferral,,,2.6,campaigns,Monthly contribution,
41,23,Time,2025-03-26,False,,Event,,,31.14,hours,Campaign support,
42,6,SocialMedia,2023-03-22,False,,Direct,,,11.87,campaigns,Monthly contribution,
43,16,InKind,2025-11-03,False,Year-End Hope,Campaign,,,300.0,items,Monthly contribution,
44,33,InKind,2023-09-13,False,,Direct,,,313.53,items,Recurring gift,
45,19,Time,2025-11-12,False,GivingTuesday,Campaign,,,8.16,hours,Recurring gift,
46,5,Monetary,2023-12-20,False,Year-End Hope,Campaign,HNL,889.71,889.71,lempiras,Recurring gift,
47,24,Monetary,2024-10-25,True,,Event,GTQ,120.07,120.07,quetzales,Event donation,
48,25,InKind,2023-11-10,True,Year-End Hope,PartnerReferral,,,300.0,items,Recurring gift,
49,25,Monetary,2025-11-23,True,GivingTuesday,Event,USD,128.03,128.03,dollars,Recurring gift,
50,43,Monetary,2023-08-12,False,,Direct,HNL,192.02,192.02,lempiras,Recurring gift,
51,10,InKind,2024-10-18,False,,PartnerReferral,,,336.58,items,Monthly contribution,
52,12,Time,2023-02-24,False,,Event,,,19.07,hours,Recurring gift,
53,55,Time,2023-11-03,False,Year-End Hope,PartnerReferral,,,5.23,hours,Recurring gift,
54,15,Monetary,2024-09-15,False,,PartnerReferral,NIO,445.94,445.94,córdobas,Recurring gift,
55,54,SocialMedia,2023-03-13,True,,Direct,,,2.66,campaigns,Recurring gift,
56,35,Monetary,2024-03-27,False,,Event,USD,255.75,255.75,dollars,Recurring gift,
57,4,Monetary,2023-12-27,True,,Direct,USD,220.77,220.77,dollars,Recurring gift,
58,16,Monetary,2024-10-18,False,,Campaign,GTQ,160.88,160.88,quetzales,Community outreach support,
59,17,Time,2024-12-29,False,Year-End Hope,Direct,,,12.58,hours,Recurring gift,
60,50,InKind,2024-10-22,False,,Direct,,,658.36,items,Monthly contribution,
61,32,InKind,2025-10-24,False,,Event,,,1369.84,items,Recurring gift,
62,1,Monetary,2024-01-08,True,,Direct,USD,250.58,250.58,dollars,Monthly contribution,
63,51,Monetary,2026-02-27,False,,Campaign,USD,164.69,164.69,dollars,Recurring gift,
64,44,Monetary,2025-10-05,True,,Direct,USD,160.71,160.71,dollars,Campaign support,
65,52,InKind,2024-05-16,True,Summer of Safety,SocialMedia,,,630.81,items,Community outreach support,191
66,4,Monetary,2024-10-11,True,,Event,CRC,15100.22,15100.22,colones,Event donation,
67,9,Time,2024-08-31,False,,Campaign,,,20.42,hours,Campaign support,
68,56,InKind,2024-03-04,False,,PartnerReferral,,,300.0,items,In support of safehouse operations,
69,38,Monetary,2025-10-28,True,,Direct,NIO,261.57,261.57,córdobas,Campaign support,
70,39,Monetary,2023-09-12,False,,PartnerReferral,USD,80.09,80.09,dollars,Campaign support,
71,3,SocialMedia,2023-06-25,True,,Campaign,,,9.07,campaigns,Event donation,
72,52,InKind,2023-01-17,True,,Campaign,,,506.18,items,Community outreach support,
73,9,Monetary,2025-12-08,False,,SocialMedia,CRC,18293.66,18293.66,colones,In support of safehouse operations,39
74,3,InKind,2023-04-09,True,,Event,,,300.0,items,Monthly contribution,
75,55,Skills,2023-05-10,False,,SocialMedia,,,10.09,hours,Community outreach support,244
76,54,Time,2023-12-07,True,,PartnerReferral,,,19.14,hours,Recurring gift,
77,13,Monetary,2025-02-03,False,,Campaign,USD,71.27,71.27,dollars,Campaign support,
78,36,Time,2023-06-19,False,Back to School,Campaign,,,21.67,hours,Campaign support,
79,43,Time,2024-01-17,False,,SocialMedia,,,4.65,hours,In support of safehouse operations,716
80,32,Monetary,2025-07-18,False,Back to School,PartnerReferral,GTQ,279.68,279.68,quetzales,Community outreach support,
81,39,Monetary,2024-09-19,False,,SocialMedia,GTQ,41.41,41.41,quetzales,Event donation,209
82,31,Monetary,2025-05-11,True,Summer of Safety,SocialMedia,USD,45.0,45.0,dollars,Monthly contribution,221
83,8,Monetary,2024-01-17,True,,Direct,HNL,215.42,215.42,lempiras,Monthly contribution,
84,3,Monetary,2025-09-13,True,,Campaign,CRC,4905.84,4905.84,colones,Recurring gift,
85,37,Monetary,2023-06-02,False,Back to School,Campaign,USD,90.52,90.52,dollars,Event donation,
86,6,Monetary,2024-08-07,False,,Campaign,GTQ,302.53,302.53,quetzales,Community outreach support,
87,13,Monetary,2024-06-07,False,,Campaign,GTQ,59.33,59.33,quetzales,In support of safehouse operations,
88,11,InKind,2024-08-20,False,,SocialMedia,,,577.02,items,Campaign support,12
89,21,Monetary,2025-04-07,False,,SocialMedia,CRC,13591.49,13591.49,colones,In support of safehouse operations,648
90,8,Monetary,2024-10-12,True,,Campaign,NIO,310.6,310.6,córdobas,Event donation,
91,32,Monetary,2024-04-26,False,Summer of Safety,Event,USD,83.63,83.63,dollars,Campaign support,
92,31,Monetary,2025-10-16,True,,Direct,USD,51.38,51.38,dollars,Event donation,
93,48,Monetary,2024-05-04,True,Summer of Safety,Event,USD,138.17,138.17,dollars,Recurring gift,
94,7,Monetary,2025-03-06,True,,Event,NIO,273.12,273.12,córdobas,Monthly contribution,
95,6,Monetary,2025-08-12,False,,PartnerReferral,CRC,29664.3,29664.3,colones,Campaign support,
96,55,Monetary,2025-03-03,False,,Campaign,CRC,22688.0,22688.0,colones,Event donation,
97,11,InKind,2023-03-18,False,,SocialMedia,,,386.1,items,Monthly contribution,159
98,37,SocialMedia,2023-02-02,False,,Campaign,,,5.92,campaigns,Monthly contribution,
99,54,Monetary,2023-07-08,True,,Direct,GTQ,163.41,163.41,quetzales,Community outreach support,
100,51,Monetary,2023-05-11,False,Summer of Safety,PartnerReferral,NIO,683.96,683.96,córdobas,Event donation,
101,60,Monetary,2023-08-14,True,,Event,CRC,2325.0,2325.0,colones,In support of safehouse operations,
102,44,Monetary,2024-07-21,True,,Campaign,HNL,258.7,258.7,lempiras,Recurring gift,
103,10,InKind,2025-11-09,False,Year-End Hope,SocialMedia,,,447.5,items,In support of safehouse operations,740
104,54,InKind,2025-11-23,True,Year-End Hope,SocialMedia,,,490.48,items,Monthly contribution,200
105,46,Monetary,2025-04-22,False,Summer of Safety,Campaign,USD,141.76,141.76,dollars,Community outreach support,
106,3,Monetary,2025-03-15,True,,Campaign,GTQ,214.86,214.86,quetzales,Community outreach support,
107,37,Time,2024-11-21,False,GivingTuesday,Campaign,,,30.16,hours,Community outreach support,
108,34,InKind,2025-05-07,True,Summer of Safety,Direct,,,732.46,items,Event donation,
109,18,Monetary,2024-10-09,False,,SocialMedia,USD,59.36,59.36,dollars,Community outreach support,48
110,20,Monetary,2023-03-23,True,,Event,NIO,891.22,891.22,córdobas,In support of safehouse operations,
111,7,Time,2023-11-02,True,,Event,,,18.82,hours,Recurring gift,
112,50,Monetary,2024-04-13,False,Summer of Safety,SocialMedia,GTQ,139.93,139.93,quetzales,Monthly contribution,493
113,8,SocialMedia,2023-12-03,True,,PartnerReferral,,,6.03,campaigns,Campaign support,
114,8,InKind,2023-12-28,True,Year-End Hope,Campaign,,,486.04,items,Monthly contribution,
115,20,InKind,2023-06-03,True,Back to School,Campaign,,,1788.92,items,In support of safehouse operations,
116,20,Monetary,2024-11-10,True,,Event,CRC,5789.34,5789.34,colones,Community outreach support,
117,34,Time,2024-10-26,True,,PartnerReferral,,,22.09,hours,Recurring gift,
118,20,SocialMedia,2023-12-08,True,Year-End Hope,Campaign,,,11.45,campaigns,Campaign support,
119,25,Monetary,2025-07-17,True,Back to School,Campaign,CRC,14043.74,14043.74,colones,In support of safehouse operations,
120,2,Time,2023-09-25,False,,Campaign,,,24.34,hours,Monthly contribution,
121,25,Monetary,2025-07-04,True,,SocialMedia,USD,224.02,224.02,dollars,Event donation,223
122,38,Monetary,2023-12-10,True,Year-End Hope,Event,USD,185.77,185.77,dollars,Event donation,
123,38,Monetary,2023-05-21,True,Summer of Safety,SocialMedia,USD,316.34,316.34,dollars,In support of safehouse operations,568
124,46,Monetary,2024-02-15,False,,Direct,USD,86.43,86.43,dollars,Monthly contribution,
125,29,Time,2023-03-04,False,,Direct,,,9.94,hours,Monthly contribution,
126,19,InKind,2024-11-28,False,GivingTuesday,Campaign,,,658.57,items,Event donation,
127,3,Monetary,2023-08-22,True,,SocialMedia,USD,82.9,82.9,dollars,In support of safehouse operations,727
128,53,Skills,2024-11-09,False,,Direct,,,7.43,hours,In support of safehouse operations,
129,54,Monetary,2023-11-11,True,Year-End Hope,Campaign,HNL,185.29,185.29,lempiras,Campaign support,
130,45,Monetary,2025-03-04,True,,Campaign,USD,174.9,174.9,dollars,Campaign support,
131,60,Monetary,2024-07-09,True,Back to School,Direct,NIO,789.29,789.29,córdobas,In support of safehouse operations,
132,24,Time,2025-10-14,True,,Event,,,18.77,hours,Community outreach support,
133,5,Monetary,2025-10-02,False,,Campaign,GTQ,70.68,70.68,quetzales,Monthly contribution,
134,36,InKind,2024-05-22,False,,PartnerReferral,,,416.51,items,In support of safehouse operations,
135,58,InKind,2023-01-09,False,,Direct,,,616.42,items,Event donation,
136,25,Monetary,2024-09-15,True,,Direct,USD,125.12,125.12,dollars,Campaign support,
137,32,SocialMedia,2026-01-18,False,,Event,,,5.23,campaigns,Community outreach support,
138,45,InKind,2024-11-26,True,Year-End Hope,Event,,,300.0,items,In support of safehouse operations,
139,45,Monetary,2025-04-30,True,Summer of Safety,SocialMedia,USD,237.85,237.85,dollars,Recurring gift,790
140,8,InKind,2024-11-24,True,Year-End Hope,Direct,,,304.75,items,Campaign support,
141,31,Monetary,2024-02-08,True,,Campaign,CRC,2962.7,2962.7,colones,Campaign support,
142,26,Monetary,2025-01-12,True,,Campaign,USD,192.83,192.83,dollars,Campaign support,
143,1,InKind,2025-10-29,True,,SocialMedia,,,503.75,items,Event donation,
144,39,Monetary,2025-06-15,False,,Event,USD,65.67,65.67,dollars,In support of safehouse operations,
145,1,Monetary,2023-03-25,True,,SocialMedia,GTQ,108.45,108.45,quetzales,In support of safehouse operations,70
146,3,InKind,2024-02-06,True,,Campaign,,,476.64,items,Event donation,
147,8,Skills,2025-08-05,True,,Campaign,,,11.51,hours,Recurring gift,
148,1,Time,2023-07-23,True,,SocialMedia,,,19.2,hours,Community outreach support,457
149,21,InKind,2023-10-20,False,,SocialMedia,,,300.0,items,Monthly contribution,666
150,3,Monetary,2024-10-03,True,,Event,USD,307.38,307.38,dollars,In support of safehouse operations,
151,54,Monetary,2025-07-18,True,,SocialMedia,USD,78.65,78.65,dollars,Monthly contribution,378
152,34,Monetary,2024-09-02,True,,Campaign,CRC,2325.0,2325.0,colones,Community outreach support,
153,24,Time,2023-07-02,True,,Event,,,4.89,hours,Recurring gift,
154,16,InKind,2024-10-14,False,,SocialMedia,,,300.0,items,Recurring gift,211
155,7,InKind,2025-09-23,True,,SocialMedia,,,716.99,items,In support of safehouse operations,793
156,38,Monetary,2024-12-06,True,Year-End Hope,SocialMedia,USD,184.33,184.33,dollars,Community outreach support,358
157,13,Time,2024-12-06,False,,SocialMedia,,,5.85,hours,Event donation,358
158,1,InKind,2023-06-24,True,Back to School,Direct,,,606.91,items,Recurring gift,
159,45,Monetary,2023-08-27,True,,PartnerReferral,USD,58.51,58.51,dollars,Event donation,
160,9,Monetary,2024-11-08,False,GivingTuesday,SocialMedia,NIO,596.24,596.24,córdobas,Campaign support,424
161,1,Monetary,2024-10-17,True,,SocialMedia,USD,187.62,187.62,dollars,Monthly contribution,682
162,19,Time,2023-10-29,False,,Direct,,,30.72,hours,Recurring gift,
163,24,Monetary,2025-01-07,True,,Campaign,NIO,468.77,468.77,córdobas,Event donation,
164,20,Monetary,2024-08-04,True,,SocialMedia,USD,174.93,174.93,dollars,Recurring gift,667
165,32,Monetary,2023-01-22,False,,Event,USD,61.0,61.0,dollars,Community outreach support,
166,30,Monetary,2025-07-29,False,,SocialMedia,CRC,29842.77,29842.77,colones,Recurring gift,588
167,31,Monetary,2025-08-10,True,,PartnerReferral,HNL,187.02,187.02,lempiras,Recurring gift,
168,8,Skills,2024-12-17,True,Year-End Hope,Event,,,17.89,hours,Event donation,
169,26,Monetary,2026-02-24,True,,Event,HNL,157.09,157.09,lempiras,Campaign support,
170,21,Time,2025-12-30,False,Year-End Hope,Event,,,13.68,hours,Community outreach support,
171,7,Monetary,2023-05-30,True,Summer of Safety,Campaign,NIO,310.18,310.18,córdobas,Event donation,
172,6,InKind,2024-12-20,False,Year-End Hope,Campaign,,,801.17,items,In support of safehouse operations,
173,35,Monetary,2023-10-31,False,,Direct,USD,282.52,282.52,dollars,Campaign support,
174,44,Monetary,2025-11-22,True,Year-End Hope,Event,NIO,1032.47,1032.47,córdobas,Monthly contribution,
175,59,Skills,2025-03-05,False,,Event,,,12.57,hours,In support of safehouse operations,
176,47,Time,2025-04-04,False,Summer of Safety,PartnerReferral,,,9.18,hours,Community outreach support,
177,45,Monetary,2023-11-26,True,GivingTuesday,Event,USD,311.84,311.84,dollars,Event donation,
178,11,Monetary,2025-12-16,False,,SocialMedia,USD,407.11,407.11,dollars,Monthly contribution,228
179,31,Monetary,2023-04-24,True,Summer of Safety,Campaign,HNL,449.58,449.58,lempiras,Recurring gift,
180,20,Monetary,2024-08-17,True,,Event,CRC,10951.68,10951.68,colones,Monthly contribution,
181,44,InKind,2023-12-03,True,Year-End Hope,Event,,,403.77,items,Campaign support,
182,15,Monetary,2024-06-16,False,Back to School,Campaign,CRC,2325.0,2325.0,colones,Community outreach support,
183,55,Monetary,2024-03-13,False,,Campaign,USD,114.95,114.95,dollars,Campaign support,
184,12,Monetary,2025-08-15,False,,Direct,NIO,407.29,407.29,córdobas,Recurring gift,
185,55,Monetary,2024-12-01,False,Year-End Hope,PartnerReferral,CRC,60278.32,60278.32,colones,Monthly contribution,
186,7,SocialMedia,2025-04-20,True,Summer of Safety,SocialMedia,,,7.08,campaigns,Event donation,656
187,31,InKind,2025-10-19,True,,Campaign,,,307.52,items,Monthly contribution,
188,24,Monetary,2025-01-01,True,,PartnerReferral,GTQ,148.66,148.66,quetzales,Monthly contribution,
189,43,Monetary,2025-10-23,False,,Campaign,USD,220.18,220.18,dollars,In support of safehouse operations,
190,6,Monetary,2023-07-19,False,,Direct,USD,186.99,186.99,dollars,Recurring gift,
191,38,InKind,2023-03-10,True,,Direct,,,453.66,items,Monthly contribution,
192,25,Monetary,2023-10-14,True,,PartnerReferral,HNL,231.14,231.14,lempiras,Monthly contribution,
193,54,Time,2024-05-31,True,,Event,,,4.52,hours,Monthly contribution,
194,31,InKind,2025-02-28,True,,SocialMedia,,,529.53,items,Event donation,14
195,25,InKind,2026-02-14,True,,Event,,,412.91,items,Campaign support,
196,26,Monetary,2024-10-06,True,,Campaign,NIO,485.56,485.56,córdobas,Recurring gift,
197,23,SocialMedia,2023-12-15,False,Year-End Hope,SocialMedia,,,4.75,campaigns,In support of safehouse operations,359
198,17,Monetary,2025-01-21,False,,Direct,CRC,7563.41,7563.41,colones,Event donation,
199,21,Time,2023-08-26,False,,Campaign,,,26.27,hours,Monthly contribution,
200,10,Skills,2023-08-22,False,,Event,,,20.62,hours,Recurring gift,
201,36,Monetary,2023-01-15,False,,Campaign,CRC,6429.56,6429.56,colones,Community outreach support,
202,44,Monetary,2025-12-17,True,Year-End Hope,Direct,USD,207.98,207.98,dollars,In support of safehouse operations,
203,35,Monetary,2025-02-11,False,,Direct,USD,45.0,45.0,dollars,Campaign support,
204,12,InKind,2025-10-13,False,,Campaign,,,735.61,items,In support of safehouse operations,
205,19,Monetary,2024-01-07,False,,Direct,NIO,882.47,882.47,córdobas,Community outreach support,
206,5,Monetary,2024-12-28,False,Year-End Hope,PartnerReferral,NIO,535.94,535.94,córdobas,In support of safehouse operations,
207,20,Skills,2023-05-04,True,Summer of Safety,Campaign,,,17.39,hours,Event donation,
208,44,Monetary,2023-11-23,True,GivingTuesday,PartnerReferral,NIO,765.95,765.95,córdobas,Event donation,
209,40,Skills,2025-07-22,False,Back to School,Direct,,,12.44,hours,Recurring gift,
210,59,InKind,2024-01-26,False,,Campaign,,,359.85,items,Campaign support,
211,19,Skills,2023-04-23,False,Summer of Safety,PartnerReferral,,,4.15,hours,Community outreach support,
212,13,Monetary,2023-11-03,False,GivingTuesday,Campaign,USD,251.24,251.24,dollars,Recurring gift,
213,22,InKind,2025-01-08,False,,Campaign,,,413.32,items,Monthly contribution,
214,54,Skills,2025-01-04,True,,Campaign,,,5.98,hours,Campaign support,
215,43,InKind,2023-08-20,False,,Event,,,667.96,items,Campaign support,
216,33,Monetary,2025-04-01,False,,Direct,HNL,278.52,278.52,lempiras,Recurring gift,
217,20,Monetary,2024-11-11,True,Year-End Hope,Event,CRC,10969.07,10969.07,colones,In support of safehouse operations,
218,1,Monetary,2024-12-11,True,Year-End Hope,Event,NIO,248.8,248.8,córdobas,Community outreach support,
219,6,Monetary,2025-02-15,False,,Event,USD,73.7,73.7,dollars,Community outreach support,
220,12,Monetary,2025-08-24,False,,SocialMedia,HNL,367.86,367.86,lempiras,Recurring gift,140
221,56,InKind,2023-03-29,False,,Event,,,300.0,items,In support of safehouse operations,
222,47,InKind,2024-06-30,False,Back to School,SocialMedia,,,482.86,items,Campaign support,139
223,20,InKind,2023-08-11,True,,Direct,,,800.07,items,Recurring gift,
224,56,Monetary,2025-11-12,False,Year-End Hope,Direct,USD,106.9,106.9,dollars,Recurring gift,
225,42,Monetary,2024-10-24,False,,Campaign,GTQ,91.01,91.01,quetzales,Monthly contribution,
226,19,InKind,2025-03-10,False,,Campaign,,,302.29,items,Monthly contribution,
227,3,Monetary,2024-11-18,True,,PartnerReferral,USD,189.69,189.69,dollars,Community outreach support,
228,54,Monetary,2023-04-17,True,Summer of Safety,Event,CRC,6708.37,6708.37,colones,Campaign support,
229,11,Monetary,2025-08-21,False,,PartnerReferral,USD,210.74,210.74,dollars,Community outreach support,
230,18,Monetary,2026-01-20,False,,Campaign,USD,386.77,386.77,dollars,Event donation,
231,10,Monetary,2024-12-28,False,,Event,CRC,19565.71,19565.71,colones,In support of safehouse operations,
232,20,Monetary,2025-05-11,True,Summer of Safety,SocialMedia,USD,352.65,352.65,dollars,Recurring gift,221
233,31,Time,2024-08-28,True,,Direct,,,5.8,hours,Recurring gift,
234,25,Monetary,2023-10-07,True,,Direct,GTQ,294.66,294.66,quetzales,Recurring gift,
235,54,Monetary,2023-08-01,True,,Campaign,HNL,681.12,681.12,lempiras,Event donation,
236,56,InKind,2026-01-05,False,,Direct,,,388.04,items,Campaign support,
237,4,Monetary,2025-11-24,True,Year-End Hope,Event,USD,480.1,480.1,dollars,Community outreach support,
238,47,Monetary,2025-08-19,False,,Campaign,USD,758.44,758.44,dollars,In support of safehouse operations,
239,4,Monetary,2025-11-23,True,Year-End Hope,Direct,HNL,110.0,110.0,lempiras,Monthly contribution,
240,35,Monetary,2024-11-11,False,Year-End Hope,Event,HNL,726.06,726.06,lempiras,Event donation,
241,35,InKind,2025-12-21,False,,Campaign,,,300.0,items,Campaign support,
242,54,Monetary,2024-09-10,True,,Direct,HNL,184.47,184.47,lempiras,Recurring gift,
243,8,Monetary,2025-09-10,True,,SocialMedia,GTQ,68.54,68.54,quetzales,Community outreach support,508
244,54,InKind,2023-08-05,True,,SocialMedia,,,935.56,items,Campaign support,582
245,40,Monetary,2025-02-06,False,,Event,GTQ,228.71,228.71,quetzales,Event donation,
246,27,Monetary,2024-08-03,False,,Campaign,HNL,1076.96,1076.96,lempiras,Monthly contribution,
247,17,InKind,2023-05-23,False,Summer of Safety,Direct,,,567.97,items,Event donation,
248,3,InKind,2025-05-26,True,Summer of Safety,Event,,,756.8,items,Event donation,
249,9,InKind,2025-07-18,False,,Campaign,,,808.8,items,Event donation,
250,1,Monetary,2026-02-19,True,,Campaign,NIO,455.3,455.3,córdobas,Community outreach support,
251,35,Monetary,2023-12-20,False,,Event,CRC,18868.77,18868.77,colones,Recurring gift,
252,27,SocialMedia,2025-08-11,False,,SocialMedia,,,7.39,campaigns,In support of safehouse operations,494
253,21,Time,2023-06-13,False,,Event,,,29.54,hours,Community outreach support,
254,26,Monetary,2023-12-06,True,Year-End Hope,Campaign,GTQ,117.35,117.35,quetzales,Event donation,
255,31,Monetary,2024-09-03,True,,SocialMedia,NIO,855.1,855.1,córdobas,In support of safehouse operations,587
256,30,Monetary,2024-11-13,False,Year-End Hope,Campaign,NIO,993.26,993.26,córdobas,Campaign support,
257,3,InKind,2025-03-31,True,,Campaign,,,671.26,items,Campaign support,
258,35,Monetary,2025-08-28,False,,Direct,USD,112.85,112.85,dollars,Community outreach support,
259,4,InKind,2024-09-10,True,,Campaign,,,380.15,items,In support of safehouse operations,
260,4,Monetary,2024-04-11,True,Summer of Safety,Campaign,CRC,9458.94,9458.94,colones,Campaign support,
261,27,Skills,2023-01-16,False,,Campaign,,,5.45,hours,In support of safehouse operations,
262,12,Monetary,2023-04-26,False,,Direct,HNL,300.76,300.76,lempiras,Event donation,
263,57,InKind,2025-12-06,False,Year-End Hope,Campaign,,,537.37,items,Recurring gift,
264,34,InKind,2024-02-28,True,,PartnerReferral,,,300.0,items,Community outreach support,
265,32,InKind,2025-08-10,False,,Event,,,344.86,items,Monthly contribution,
266,60,Monetary,2023-07-27,True,Back to School,PartnerReferral,USD,67.34,67.34,dollars,Event donation,
267,20,Monetary,2023-02-22,True,,Campaign,USD,124.93,124.93,dollars,Campaign support,
268,29,InKind,2023-11-06,False,Year-End Hope,Event,,,300.0,items,Event donation,
269,33,Monetary,2024-11-15,False,Year-End Hope,SocialMedia,NIO,207.34,207.34,córdobas,Monthly contribution,652
270,31,InKind,2023-04-14,True,,Event,,,603.87,items,Community outreach support,
271,12,Monetary,2023-07-16,False,Back to School,Campaign,NIO,907.36,907.36,córdobas,Community outreach support,
272,36,Monetary,2024-06-15,False,Back to School,Direct,NIO,281.89,281.89,córdobas,Recurring gift,
273,54,InKind,2024-05-30,True,Summer of Safety,Campaign,,,547.24,items,Campaign support,
274,29,Monetary,2023-09-03,False,,Event,HNL,440.22,440.22,lempiras,In support of safehouse operations,
275,25,InKind,2025-03-13,True,,Campaign,,,463.82,items,Recurring gift,
276,9,Monetary,2026-02-03,False,,Direct,HNL,311.1,311.1,lempiras,Recurring gift,
277,51,Monetary,2023-10-03,False,,Campaign,USD,61.85,61.85,dollars,Campaign support,
278,25,Monetary,2024-04-24,True,,Direct,USD,118.01,118.01,dollars,Event donation,
279,6,Monetary,2024-12-05,False,Year-End Hope,Campaign,GTQ,58.12,58.12,quetzales,Recurring gift,
280,48,Monetary,2025-11-20,True,Year-End Hope,Direct,GTQ,81.63,81.63,quetzales,Campaign support,
281,42,Time,2025-11-03,False,GivingTuesday,Direct,,,2.62,hours,Event donation,
282,54,Time,2024-04-28,True,,Direct,,,7.53,hours,Campaign support,
283,54,Monetary,2023-07-02,True,Back to School,SocialMedia,NIO,218.22,218.22,córdobas,Campaign support,13
284,31,Skills,2026-02-11,True,,Direct,,,19.4,hours,Monthly contribution,
285,29,InKind,2025-07-17,False,Back to School,SocialMedia,,,564.36,items,Monthly contribution,448
286,9,Monetary,2023-12-29,False,Year-End Hope,Direct,HNL,1098.51,1098.51,lempiras,In support of safehouse operations,
287,12,InKind,2024-02-15,False,,SocialMedia,,,736.22,items,Campaign support,383
288,31,Monetary,2025-08-31,True,,Event,HNL,252.7,252.7,lempiras,Community outreach support,
289,34,Skills,2024-04-16,True,Summer of Safety,Campaign,,,8.27,hours,Monthly contribution,
290,9,SocialMedia,2023-03-18,False,,SocialMedia,,,11.61,campaigns,Community outreach support,159
291,20,Monetary,2025-04-08,True,Summer of Safety,PartnerReferral,USD,69.48,69.48,dollars,Community outreach support,
292,35,InKind,2023-06-12,False,Back to School,Direct,,,315.92,items,Event donation,
293,2,InKind,2025-05-08,False,,SocialMedia,,,372.94,items,Recurring gift,221
294,51,Time,2025-12-14,False,Year-End Hope,Campaign,,,20.96,hours,Event donation,
295,1,Monetary,2023-07-01,True,,Event,CRC,6174.64,6174.64,colones,Community outreach support,
296,33,Monetary,2024-07-10,False,Back to School,SocialMedia,NIO,378.58,378.58,córdobas,In support of safehouse operations,561
297,51,Monetary,2026-02-02,False,,SocialMedia,GTQ,44.81,44.81,quetzales,Campaign support,528
298,49,InKind,2026-01-22,False,,Direct,,,659.78,items,Campaign support,
299,59,InKind,2025-10-02,False,,PartnerReferral,,,300.0,items,In support of safehouse operations,
300,53,Monetary,2023-12-17,False,Year-End Hope,Event,CRC,21053.81,21053.81,colones,Recurring gift,
301,1,Time,2025-12-30,True,Year-End Hope,Event,,,2.2,hours,Community outreach support,
302,6,Monetary,2025-11-23,False,Year-End Hope,SocialMedia,HNL,506.59,506.59,lempiras,In support of safehouse operations,200
303,8,Monetary,2024-07-14,True,Back to School,Event,GTQ,245.34,245.34,quetzales,Campaign support,
304,47,InKind,2025-10-03,False,,Event,,,300.0,items,Recurring gift,
305,24,Skills,2025-03-12,True,,Direct,,,20.46,hours,Recurring gift,
306,16,InKind,2023-09-18,False,,PartnerReferral,,,350.19,items,Monthly contribution,
307,48,Monetary,2024-06-30,True,Back to School,Direct,NIO,299.65,299.65,córdobas,Community outreach support,
308,13,InKind,2026-01-01,False,,Direct,,,300.0,items,Monthly contribution,
309,44,InKind,2023-11-19,True,Year-End Hope,Direct,,,300.0,items,Event donation,
310,45,SocialMedia,2023-07-06,True,,SocialMedia,,,5.72,campaigns,Campaign support,480
311,31,Monetary,2025-09-23,True,,Campaign,HNL,144.8,144.8,lempiras,Monthly contribution,
312,7,InKind,2024-11-29,True,,Campaign,,,300.0,items,Monthly contribution,
313,20,InKind,2023-12-16,True,Year-End Hope,Direct,,,308.93,items,Campaign support,
314,31,Monetary,2025-12-03,True,Year-End Hope,PartnerReferral,NIO,337.94,337.94,córdobas,In support of safehouse operations,
315,22,InKind,2025-10-18,False,,Campaign,,,1082.01,items,Community outreach support,
316,26,Time,2024-07-22,True,Back to School,SocialMedia,,,22.26,hours,Campaign support,174
317,39,Time,2024-10-13,False,,SocialMedia,,,25.93,hours,Community outreach support,211
318,24,Monetary,2025-06-16,True,,PartnerReferral,USD,55.89,55.89,dollars,Recurring gift,
319,27,Monetary,2026-02-18,False,,Campaign,CRC,3657.78,3657.78,colones,Campaign support,
320,54,InKind,2023-04-03,True,Summer of Safety,Event,,,506.71,items,Campaign support,
321,33,Monetary,2024-10-25,False,,Direct,CRC,6426.11,6426.11,colones,Community outreach support,
322,18,InKind,2025-07-17,False,Back to School,Campaign,,,516.29,items,Event donation,
323,60,Monetary,2024-04-08,True,Summer of Safety,Event,CRC,3868.8,3868.8,colones,Monthly contribution,
324,4,Monetary,2023-11-07,True,GivingTuesday,SocialMedia,USD,148.68,148.68,dollars,Monthly contribution,421
325,42,Time,2025-11-08,False,Year-End Hope,Direct,,,28.61,hours,Campaign support,
326,31,Monetary,2023-03-01,True,,Event,NIO,552.1,552.1,córdobas,Community outreach support,
327,39,InKind,2023-07-13,False,Back to School,Direct,,,811.72,items,Campaign support,
328,25,Monetary,2024-01-27,True,,PartnerReferral,CRC,7218.57,7218.57,colones,Monthly contribution,
329,26,Monetary,2024-06-22,True,,Campaign,USD,138.66,138.66,dollars,Campaign support,
330,47,Monetary,2024-03-17,False,,Campaign,CRC,6666.61,6666.61,colones,In support of safehouse operations,
331,31,InKind,2023-10-03,True,,Event,,,531.11,items,Event donation,
332,17,Time,2025-03-15,False,,Direct,,,12.85,hours,Recurring gift,
333,54,Monetary,2023-05-29,True,Summer of Safety,PartnerReferral,NIO,520.94,520.94,córdobas,Campaign support,
334,60,Monetary,2023-04-12,True,,Event,CRC,8416.59,8416.59,colones,In support of safehouse operations,
335,31,Monetary,2023-03-20,True,,SocialMedia,NIO,377.32,377.32,córdobas,Campaign support,511
336,6,Monetary,2023-05-05,False,Summer of Safety,SocialMedia,HNL,174.19,174.19,lempiras,Recurring gift,530
337,38,InKind,2024-09-17,True,,Direct,,,471.54,items,Recurring gift,
338,10,Monetary,2025-02-07,False,,PartnerReferral,USD,45.0,45.0,dollars,Campaign support,
339,14,Time,2023-12-25,False,Year-End Hope,PartnerReferral,,,27.12,hours,Event donation,
340,41,Time,2025-01-23,False,,PartnerReferral,,,9.31,hours,Event donation,
341,8,Monetary,2023-03-22,True,,SocialMedia,NIO,937.83,937.83,córdobas,In support of safehouse operations,431
342,3,InKind,2024-10-08,True,,Campaign,,,993.12,items,Monthly contribution,
343,18,Monetary,2023-05-08,False,Summer of Safety,SocialMedia,NIO,272.71,272.71,córdobas,Monthly contribution,244
344,4,Monetary,2025-08-12,True,,Direct,USD,133.42,133.42,dollars,Monthly contribution,
345,7,Monetary,2025-11-24,True,GivingTuesday,Direct,HNL,853.71,853.71,lempiras,Recurring gift,
346,9,Monetary,2024-09-27,False,,PartnerReferral,USD,288.78,288.78,dollars,Recurring gift,
347,46,Time,2025-07-05,False,,SocialMedia,,,13.89,hours,Monthly contribution,223
348,49,InKind,2025-07-14,False,,Campaign,,,988.59,items,Community outreach support,
349,48,InKind,2024-12-02,True,Year-End Hope,Campaign,,,452.59,items,Monthly contribution,
350,27,Monetary,2023-12-22,False,Year-End Hope,SocialMedia,USD,218.85,218.85,dollars,Campaign support,61
351,38,Monetary,2024-11-14,True,Year-End Hope,Campaign,CRC,9410.3,9410.3,colones,Recurring gift,
352,45,Monetary,2023-04-09,True,Summer of Safety,PartnerReferral,NIO,258.78,258.78,córdobas,Community outreach support,
353,1,Monetary,2023-12-20,True,,Direct,USD,473.07,473.07,dollars,Community outreach support,
354,18,SocialMedia,2025-04-20,False,Summer of Safety,PartnerReferral,,,11.56,campaigns,Event donation,
355,26,Skills,2025-11-20,True,GivingTuesday,SocialMedia,,,10.67,hours,In support of safehouse operations,200
356,38,InKind,2023-01-10,True,,Campaign,,,612.89,items,Community outreach support,
357,3,Monetary,2025-06-25,True,Back to School,PartnerReferral,HNL,938.96,938.96,lempiras,Recurring gift,
358,52,Monetary,2023-06-02,True,Back to School,Campaign,USD,144.71,144.71,dollars,In support of safehouse operations,
359,20,Monetary,2025-04-26,True,,Event,NIO,669.68,669.68,córdobas,In support of safehouse operations,
360,7,Skills,2023-01-27,True,,Campaign,,,9.67,hours,Monthly contribution,
361,59,Monetary,2023-03-08,False,,SocialMedia,GTQ,97.38,97.38,quetzales,Monthly contribution,482
362,3,Monetary,2024-12-08,True,Year-End Hope,Event,USD,105.34,105.34,dollars,Recurring gift,
363,52,Monetary,2024-09-17,True,,Campaign,USD,326.24,326.24,dollars,In support of safehouse operations,
364,46,Monetary,2025-09-02,False,,SocialMedia,HNL,335.65,335.65,lempiras,In support of safehouse operations,216
365,52,SocialMedia,2023-05-18,True,,Direct,,,11.16,campaigns,In support of safehouse operations,
366,2,Monetary,2023-08-07,False,,Event,USD,164.71,164.71,dollars,In support of safehouse operations,
367,41,InKind,2023-06-08,False,Back to School,Campaign,,,300.82,items,Recurring gift,
368,20,Monetary,2023-03-30,True,,Campaign,USD,96.63,96.63,dollars,Event donation,
369,34,Monetary,2024-02-07,True,,Campaign,USD,193.79,193.79,dollars,Community outreach support,
370,55,Monetary,2025-06-16,False,Back to School,Direct,CRC,23247.58,23247.58,colones,Recurring gift,
371,8,Monetary,2025-12-22,True,,Direct,GTQ,323.47,323.47,quetzales,Recurring gift,
372,54,Monetary,2024-06-22,True,,Campaign,HNL,110.0,110.0,lempiras,Recurring gift,
373,58,SocialMedia,2023-11-02,False,GivingTuesday,Event,,,4.01,campaigns,Community outreach support,
374,2,Monetary,2023-03-08,False,,Direct,HNL,1128.61,1128.61,lempiras,Campaign support,
375,43,Monetary,2024-01-02,False,,Campaign,HNL,110.0,110.0,lempiras,Monthly contribution,
376,13,Monetary,2025-04-07,False,,Event,NIO,477.89,477.89,córdobas,Campaign support,
377,3,Skills,2024-08-28,True,,Event,,,15.53,hours,Monthly contribution,
378,26,Monetary,2024-06-08,True,,SocialMedia,USD,204.59,204.59,dollars,Event donation,572
379,3,Monetary,2023-02-22,True,,Campaign,HNL,110.0,110.0,lempiras,Monthly contribution,
380,5,Monetary,2024-12-13,False,Year-End Hope,Campaign,USD,251.93,251.93,dollars,Community outreach support,
381,8,Monetary,2023-07-14,True,Back to School,Event,HNL,237.01,237.01,lempiras,Event donation,
382,42,Monetary,2024-11-25,False,Year-End Hope,Campaign,GTQ,104.76,104.76,quetzales,Campaign support,
383,50,Monetary,2025-07-08,False,,Campaign,NIO,997.0,997.0,córdobas,Event donation,
384,29,Monetary,2025-10-08,False,,SocialMedia,NIO,1239.91,1239.91,córdobas,Event donation,583
385,25,InKind,2023-06-02,True,,Direct,,,519.42,items,Community outreach support,
386,22,InKind,2026-02-11,False,,SocialMedia,,,642.58,items,Event donation,93
387,52,Monetary,2024-08-04,True,,PartnerReferral,USD,97.44,97.44,dollars,Monthly contribution,
388,41,InKind,2023-10-15,False,,Event,,,511.42,items,Recurring gift,
389,20,InKind,2023-11-05,True,GivingTuesday,Campaign,,,300.0,items,Community outreach support,
390,7,Monetary,2025-02-04,True,,Event,CRC,3366.32,3366.32,colones,In support of safehouse operations,
391,35,SocialMedia,2025-03-19,False,,SocialMedia,,,2.5,campaigns,Monthly contribution,374
392,34,Time,2023-10-31,True,,PartnerReferral,,,39.4,hours,Campaign support,
393,10,InKind,2023-12-13,False,Year-End Hope,Event,,,300.0,items,Event donation,
394,32,Monetary,2025-11-18,False,,Campaign,NIO,767.03,767.03,córdobas,Event donation,
395,22,Monetary,2025-10-27,False,,SocialMedia,NIO,712.13,712.13,córdobas,Monthly contribution,83
396,33,Time,2023-07-25,False,Back to School,Direct,,,39.15,hours,Community outreach support,
397,27,InKind,2023-10-11,False,,Event,,,583.43,items,Community outreach support,
398,31,Monetary,2024-04-30,True,Summer of Safety,Event,GTQ,39.32,39.32,quetzales,Monthly contribution,
399,3,Monetary,2024-09-23,True,,Campaign,HNL,427.79,427.79,lempiras,Monthly contribution,
400,26,Monetary,2026-01-20,True,,Campaign,NIO,250.31,250.31,córdobas,In support of safehouse operations,
401,46,SocialMedia,2024-08-26,False,,PartnerReferral,,,3.63,campaigns,Monthly contribution,
402,35,InKind,2023-12-19,False,Year-End Hope,SocialMedia,,,382.94,items,Monthly contribution,627
403,31,Monetary,2025-07-04,True,Back to School,Event,NIO,192.08,192.08,córdobas,Recurring gift,
404,60,Monetary,2025-05-29,True,Summer of Safety,Campaign,CRC,7765.59,7765.59,colones,Recurring gift,
405,24,SocialMedia,2023-08-15,True,,Event,,,7.09,campaigns,Campaign support,
406,21,Time,2024-11-06,False,GivingTuesday,PartnerReferral,,,20.59,hours,Event donation,
407,58,Monetary,2024-01-17,False,,Campaign,USD,45.0,45.0,dollars,Monthly contribution,
408,57,Monetary,2023-12-05,False,,Campaign,GTQ,167.17,167.17,quetzales,Campaign support,
409,43,Monetary,2025-01-12,False,,SocialMedia,CRC,6490.84,6490.84,colones,Monthly contribution,709
410,54,InKind,2023-08-18,True,,Campaign,,,478.06,items,Campaign support,
411,49,SocialMedia,2023-12-01,False,Year-End Hope,PartnerReferral,,,4.61,campaigns,Campaign support,
412,38,Time,2026-01-12,True,,Event,,,32.89,hours,Monthly contribution,
413,45,Monetary,2025-11-27,True,Year-End Hope,Direct,NIO,309.69,309.69,córdobas,In support of safehouse operations,
414,4,InKind,2024-10-14,True,,SocialMedia,,,420.23,items,Community outreach support,211
415,26,SocialMedia,2026-01-13,True,,Campaign,,,10.8,campaigns,Recurring gift,
416,20,Monetary,2023-02-03,True,,Campaign,NIO,739.91,739.91,córdobas,Campaign support,
417,19,Monetary,2023-01-13,False,,Direct,GTQ,48.95,48.95,quetzales,Event donation,
418,54,Monetary,2025-03-08,True,,Campaign,USD,346.42,346.42,dollars,Campaign support,
419,45,InKind,2024-10-29,True,,Campaign,,,677.83,items,Recurring gift,
420,49,InKind,2025-12-09,False,Year-End Hope,Event,,,300.0,items,Monthly contribution,
